what,kind,bundleId,bundleVersion,description,time
stopped,bundle,org.eclipse.team.ui,3.5.100.I20100527-0800,"org.eclipse.team.ui",1287376778424
stopped,bundle,org.eclipse.compare,3.5.100.I20100526-0800,"org.eclipse.compare",1287376778424
stopped,bundle,org.eclipse.ui.externaltools,3.2.0.v20100427,"org.eclipse.ui.externaltools",1287376778424
stopped,bundle,org.eclipse.debug.ui,3.6.0.v20100601-1530,"org.eclipse.debug.ui",1287376778457
stopped,bundle,org.eclipse.mylyn.wikitext.ui,1.3.0.v20100608-0100-e3x,"org.eclipse.mylyn.wikitext.ui",1287376778458
stopped,bundle,com.android.ide.eclipse.ddms,0.9.9.v201009221407-60953,"com.android.ide.eclipse.ddms",1287376778491
stopped,bundle,org.eclipse.ui.console,3.5.0.v20100526,"org.eclipse.ui.console",1287376778491
stopped,bundle,org.eclipse.mylyn.commons.ui,3.4.0.v20100608-0100-e3x,"org.eclipse.mylyn.commons.ui",1287376778491
stopped,bundle,org.eclipse.ui.editors,3.6.0.v20100520-0800,"org.eclipse.ui.editors",1287376778491
stopped,bundle,org.eclipse.wst.common.snippets,1.2.1.v201008251905,"org.eclipse.wst.common.snippets",1287376778491
stopped,bundle,org.eclipse.ui.workbench.texteditor,3.6.0.v20100520-0800,"org.eclipse.ui.workbench.texteditor",1287376778492
stopped,bundle,org.eclipse.compare.core,3.5.100.I20100526-0800,"org.eclipse.compare.core",1287376778492
activated,perspective,org.eclipse.debug.ui,,"org.eclipse.debug.ui.DebugPerspective",1287376858664
started,bundle,org.eclipse.osgi,3.6.0.v20100517,"org.eclipse.osgi",1287376858681
started,bundle,org.eclipse.equinox.simpleconfigurator,1.0.200.v20100503,"org.eclipse.equinox.simpleconfigurator",1287376858725
started,bundle,com.ibm.icu,4.2.1.v20100412,"com.ibm.icu",1287376858801
started,bundle,org.eclipse.compare.core,3.5.100.I20100526-0800,"org.eclipse.compare.core",1287376858891
started,bundle,org.eclipse.core.contenttype,3.4.100.v20100505-1235,"org.eclipse.core.contenttype",1287376858908
started,bundle,org.eclipse.core.databinding.observable,1.3.0.I20100601-0800,"org.eclipse.core.databinding.observable",1287376858976
started,bundle,org.eclipse.core.expressions,3.4.200.v20100505,"org.eclipse.core.expressions",1287376858987
started,bundle,org.eclipse.core.filebuffers,3.5.100.v20100520-0800,"org.eclipse.core.filebuffers",1287376859021
started,bundle,org.eclipse.core.filesystem,1.3.0.v20100526-0737,"org.eclipse.core.filesystem",1287376859063
started,bundle,org.eclipse.core.jobs,3.5.0.v20100515,"org.eclipse.core.jobs",1287376859084
started,bundle,org.eclipse.core.net,1.2.100.I20100511-0800,"org.eclipse.core.net",1287376859093
started,bundle,org.eclipse.core.resources,3.6.0.v20100526-0737,"org.eclipse.core.resources",1287376859145
started,bundle,org.eclipse.core.runtime,3.6.0.v20100505,"org.eclipse.core.runtime",1287376859193
started,bundle,org.eclipse.core.runtime.compatibility,3.2.100.v20100505,"org.eclipse.core.runtime.compatibility",1287376859252
started,bundle,org.eclipse.core.runtime.compatibility.auth,3.2.200.v20100517,"org.eclipse.core.runtime.compatibility.auth",1287376859258
started,bundle,org.eclipse.core.variables,3.2.400.v20100505,"org.eclipse.core.variables",1287376859272
started,bundle,org.eclipse.debug.core,3.6.0.v20100519,"org.eclipse.debug.core",1287376859315
started,bundle,org.eclipse.debug.ui,3.6.0.v20100601-1530,"org.eclipse.debug.ui",1287376859348
started,bundle,org.eclipse.epp.usagedata.gathering,1.3.0.R201005261100,"org.eclipse.epp.usagedata.gathering",1287376859368
started,bundle,org.eclipse.epp.usagedata.recording,1.3.0.R201005261100,"org.eclipse.epp.usagedata.recording",1287376859386
started,bundle,org.eclipse.equinox.app,1.3.0.v20100512,"org.eclipse.equinox.app",1287376859400
started,bundle,org.eclipse.equinox.common,3.6.0.v20100503,"org.eclipse.equinox.common",1287376859405
started,bundle,org.eclipse.equinox.ds,1.2.0.v20100507,"org.eclipse.equinox.ds",1287376859423
started,bundle,org.eclipse.equinox.event,1.2.0.v20100503,"org.eclipse.equinox.event",1287376859441
started,bundle,org.eclipse.equinox.p2.artifact.repository,1.1.0.v20100513,"org.eclipse.equinox.p2.artifact.repository",1287376859483
started,bundle,org.eclipse.equinox.p2.core,2.0.0.v20100510,"org.eclipse.equinox.p2.core",1287376859499
started,bundle,org.eclipse.equinox.p2.director,2.0.0.v20100525,"org.eclipse.equinox.p2.director",1287376859528
started,bundle,org.eclipse.equinox.p2.directorywatcher,1.0.200.v20100601,"org.eclipse.equinox.p2.directorywatcher",1287376859541
started,bundle,org.eclipse.equinox.p2.engine,2.0.0.v20100606,"org.eclipse.equinox.p2.engine",1287376859562
started,bundle,org.eclipse.equinox.p2.extensionlocation,1.2.0.v20100518,"org.eclipse.equinox.p2.extensionlocation",1287376859563
started,bundle,org.eclipse.equinox.p2.metadata,2.0.0.v20100601,"org.eclipse.equinox.p2.metadata",1287376859600
started,bundle,org.eclipse.equinox.p2.metadata.repository,1.1.0.v20100513,"org.eclipse.equinox.p2.metadata.repository",1287376859613
started,bundle,org.eclipse.equinox.p2.operations,2.0.0.v20100510,"org.eclipse.equinox.p2.operations",1287376859624
started,bundle,org.eclipse.equinox.p2.publisher,1.1.0.v20100513,"org.eclipse.equinox.p2.publisher",1287376859647
started,bundle,org.eclipse.equinox.p2.reconciler.dropins,1.1.0.v20100525,"org.eclipse.equinox.p2.reconciler.dropins",1287376859664
started,bundle,org.eclipse.equinox.p2.repository,2.0.0.v20100519,"org.eclipse.equinox.p2.repository",1287376859691
started,bundle,org.eclipse.equinox.p2.touchpoint.eclipse,2.0.0.v20100513,"org.eclipse.equinox.p2.touchpoint.eclipse",1287376859707
started,bundle,org.eclipse.equinox.p2.ui.sdk.scheduler,1.0.0.v20100507-1815,"org.eclipse.equinox.p2.ui.sdk.scheduler",1287376859714
started,bundle,org.eclipse.equinox.p2.updatechecker,1.1.100.v20100503a,"org.eclipse.equinox.p2.updatechecker",1287376859723
started,bundle,org.eclipse.equinox.preferences,3.3.0.v20100503,"org.eclipse.equinox.preferences",1287376859748
started,bundle,org.eclipse.equinox.registry,3.5.0.v20100503,"org.eclipse.equinox.registry",1287376859774
started,bundle,org.eclipse.equinox.security,1.0.200.v20100503,"org.eclipse.equinox.security",1287376859816
started,bundle,org.eclipse.equinox.util,1.0.200.v20100503,"org.eclipse.equinox.util",1287376859841
started,bundle,org.eclipse.help,3.5.0.v20100524,"org.eclipse.help",1287376859935
started,bundle,org.eclipse.jdt.apt.core,3.3.400.v20100513-0845,"org.eclipse.jdt.apt.core",1287376859950
started,bundle,org.eclipse.jdt.apt.pluggable.core,1.0.300.v20100513-0845,"org.eclipse.jdt.apt.pluggable.core",1287376859965
started,bundle,org.eclipse.jdt.core,3.6.0.v_A58,"org.eclipse.jdt.core",1287376860003
started,bundle,org.eclipse.jdt.core.manipulation,1.3.0.v20100520-0800,"org.eclipse.jdt.core.manipulation",1287376860078
started,bundle,org.eclipse.jdt.debug,3.6.0.v20100526,"org.eclipse.jdt.debug",1287376860114
started,bundle,org.eclipse.jdt.debug.ui,3.5.0.v20100602-0830,"org.eclipse.jdt.debug.ui",1287376860114
started,bundle,org.eclipse.jdt.launching,3.5.100.v20100526,"org.eclipse.jdt.launching",1287376860138
started,bundle,org.eclipse.jdt.launching.macosx,3.2.100.v20100505,"org.eclipse.jdt.launching.macosx",1287376860138
started,bundle,org.eclipse.jdt.ui,3.6.0.v20100602-1600,"org.eclipse.jdt.ui",1287376860138
started,bundle,org.eclipse.jface,3.6.0.I20100601-0800,"org.eclipse.jface",1287376860181
started,bundle,org.eclipse.jsch.core,1.1.200.I20100505-1245,"org.eclipse.jsch.core",1287376860190
started,bundle,org.eclipse.ltk.core.refactoring,3.5.100.v20100526-0800,"org.eclipse.ltk.core.refactoring",1287376860210
started,bundle,org.eclipse.ltk.ui.refactoring,3.5.0.v20100526-0800,"org.eclipse.ltk.ui.refactoring",1287376860237
started,bundle,org.eclipse.mylyn.bugzilla.core,3.4.0.v20100608-0100-e3x,"org.eclipse.mylyn.bugzilla.core",1287376860256
started,bundle,org.eclipse.mylyn.bugzilla.ui,3.4.0.v20100608-0100-e3x,"org.eclipse.mylyn.bugzilla.ui",1287376860285
started,bundle,org.eclipse.mylyn.commons.net,3.4.0.v20100608-0100-e3x,"org.eclipse.mylyn.commons.net",1287376860294
started,bundle,org.eclipse.mylyn.commons.ui,3.4.0.v20100608-0100-e3x,"org.eclipse.mylyn.commons.ui",1287376860357
started,bundle,org.eclipse.mylyn.context.core,3.4.0.v20100608-0100-e3x,"org.eclipse.mylyn.context.core",1287376860408
started,bundle,org.eclipse.mylyn.context.ui,3.4.0.v20100608-0100-e3x,"org.eclipse.mylyn.context.ui",1287376860424
started,bundle,org.eclipse.mylyn.monitor.ui,3.4.0.v20100608-0100-e3x,"org.eclipse.mylyn.monitor.ui",1287376860464
started,bundle,org.eclipse.team.core,3.5.100.I20100527-0800,"org.eclipse.team.core",1287376860539
started,bundle,org.eclipse.team.cvs.core,3.3.300.I20100526-0800,"org.eclipse.team.cvs.core",1287376860548
started,bundle,org.eclipse.team.cvs.ui,3.3.300.I20100526-0800,"org.eclipse.team.cvs.ui",1287376860571
started,bundle,org.eclipse.team.ui,3.5.100.I20100527-0800,"org.eclipse.team.ui",1287376860607
started,bundle,org.eclipse.ui,3.6.0.I20100603-1100,"org.eclipse.ui",1287376860678
started,bundle,org.eclipse.ui.console,3.5.0.v20100526,"org.eclipse.ui.console",1287376860685
started,bundle,org.eclipse.ui.editors,3.6.0.v20100520-0800,"org.eclipse.ui.editors",1287376860685
started,bundle,org.eclipse.ui.forms,3.5.0.v20100427,"org.eclipse.ui.forms",1287376860715
started,bundle,org.eclipse.ui.ide,3.6.0.I20100601-0800,"org.eclipse.ui.ide",1287376860776
started,bundle,org.eclipse.ui.net,1.2.100.I20100505-1245,"org.eclipse.ui.net",1287376860817
started,bundle,org.eclipse.ui.views,3.5.0.I20100527-0800,"org.eclipse.ui.views",1287376860855
started,bundle,org.eclipse.ui.workbench,3.6.0.I20100603-1100,"org.eclipse.ui.workbench",1287376860905
started,bundle,org.eclipse.ui.workbench.texteditor,3.6.0.v20100520-0800,"org.eclipse.ui.workbench.texteditor",1287376860933
started,bundle,com.android.ide.eclipse.adt,0.9.9.v201009221407-60953,"com.android.ide.eclipse.adt",1287376860933
started,bundle,com.android.ide.eclipse.ddms,0.9.9.v201009221407-60953,"com.android.ide.eclipse.ddms",1287376860934
os,sysinfo,,,"macosx",1287376860937
arch,sysinfo,,,"x86_64",1287376860937
ws,sysinfo,,,"cocoa",1287376860937
locale,sysinfo,,,"en_US",1287376860937
processors,sysinfo,,,"2",1287376860937
java.runtime.name,sysinfo,,,"Java(TM) SE Runtime Environment",1287376860937
java.runtime.version,sysinfo,,,"1.6.0_20-b02-279-10M3065",1287376860937
java.specification.name,sysinfo,,,"Java Platform API Specification",1287376860937
java.specification.vendor,sysinfo,,,"Sun Microsystems Inc.",1287376860937
java.specification.version,sysinfo,,,"1.6",1287376860937
java.vendor,sysinfo,,,"Apple Inc.",1287376860937
java.version,sysinfo,,,"1.6.0_20",1287376860937
java.vm.info,sysinfo,,,"mixed mode",1287376860937
java.vm.name,sysinfo,,,"Java HotSpot(TM) 64-Bit Server VM",1287376860937
java.vm.specification.name,sysinfo,,,"Java Virtual Machine Specification",1287376860937
java.vm.specification.vendor,sysinfo,,,"Sun Microsystems Inc.",1287376860937
java.vm.specification.version,sysinfo,,,"1.0",1287376860937
java.vm.vendor,sysinfo,,,"Apple Inc.",1287376860937
java.vm.version,sysinfo,,,"16.3-b01-279",1287376860937
started,bundle,org.eclipse.update.scheduler,3.2.300.v20100512,"org.eclipse.update.scheduler",1287376861252
started,bundle,org.eclipse.update.configurator,3.3.100.v20100512,"org.eclipse.update.configurator",1287376861740
started,bundle,org.eclipse.update.core,3.2.400.v20100512,"org.eclipse.update.core",1287376861813
opened,editor,org.eclipse.jdt.ui,3.6.0.v20100602-1600,"org.eclipse.jdt.ui.CompilationUnitEditor",1287376882044
activated,editor,org.eclipse.jdt.ui,3.6.0.v20100602-1600,"org.eclipse.jdt.ui.CompilationUnitEditor",1287376882218
opened,view,org.eclipse.jdt.ui,3.6.0.v20100602-1600,"org.eclipse.jdt.ui.PackageExplorer",1287376888454
started,bundle,org.eclipse.search,3.6.0.v20100520-0800,"org.eclipse.search",1287376890229
opened,view,org.eclipse.mylyn.tasks.ui,,"org.eclipse.mylyn.tasks.ui.views.tasks",1287376892581
activated,perspective,org.eclipse.jdt.ui,3.6.0.v20100602-1600,"org.eclipse.jdt.ui.JavaPerspective",1287376892630
activated,view,org.eclipse.jdt.ui,3.6.0.v20100602-1600,"org.eclipse.jdt.ui.PackageExplorer",1287376903654
started,bundle,org.eclipse.wst.sse.core,1.1.502.v201008311901,"org.eclipse.wst.sse.core",1287376905163
opened,editor,org.eclipse.jdt.ui,3.6.0.v20100602-1600,"org.eclipse.jdt.ui.CompilationUnitEditor",1287376910082
started,bundle,org.eclipse.wst.xml.core,1.1.502.v201009010342,"org.eclipse.wst.xml.core",1287376910264
activated,editor,org.eclipse.jdt.ui,3.6.0.v20100602-1600,"org.eclipse.jdt.ui.CompilationUnitEditor",1287376910269
executed,command,,,"AUTOGEN:::org.eclipse.jdt.debug.CompilationUnitEditor.BreakpointRulerActions/org.eclipse.jdt.debug.ui.actions.ManageBreakpointRulerAction",1287376932820
activated,perspective,org.eclipse.debug.ui,3.6.0.v20100601-1530,"org.eclipse.debug.ui.DebugPerspective",1287376940839
started,bundle,org.eclipse.jdt.junit.core,3.6.0.v20100526-0800,"org.eclipse.jdt.junit.core",1287376951083
started,bundle,org.eclipse.jdt.junit,3.6.0.v20100526-0800,"org.eclipse.jdt.junit",1287376951097
deactivated,workbench,org.eclipse.ui.workbench,3.6.0.I20100603-1100,"",1287376951873
activated,workbench,org.eclipse.ui.workbench,3.6.0.I20100603-1100,"",1287376954533
activated,perspective,org.eclipse.jdt.ui,3.6.0.v20100602-1600,"org.eclipse.jdt.ui.JavaPerspective",1287376955947
activated,view,org.eclipse.jdt.ui,3.6.0.v20100602-1600,"org.eclipse.jdt.ui.PackageExplorer",1287376962664
started,bundle,org.eclipse.compare,3.5.100.I20100526-0800,"org.eclipse.compare",1287376963634
executed,command,,,"com.android.ide.eclipse.adt.debug.launching.LaunchShortcut.debug",1287376970870
deactivated,workbench,org.eclipse.ui.workbench,3.6.0.I20100603-1100,"",1287376971206
activated,workbench,org.eclipse.ui.workbench,3.6.0.I20100603-1100,"",1287376974257
activated,perspective,org.eclipse.debug.ui,3.6.0.v20100601-1530,"org.eclipse.debug.ui.DebugPerspective",1287377025842
activated,editor,org.eclipse.jdt.ui,3.6.0.v20100602-1600,"org.eclipse.jdt.ui.CompilationUnitEditor",1287377025870
opened,view,org.eclipse.debug.ui,3.6.0.v20100601-1530,"org.eclipse.debug.ui.BreakpointView",1287377031301
opened,editor,org.eclipse.jdt.ui,3.6.0.v20100602-1600,"org.eclipse.jdt.ui.CompilationUnitEditor",1287377031817
activated,editor,org.eclipse.jdt.ui,3.6.0.v20100602-1600,"org.eclipse.jdt.ui.CompilationUnitEditor",1287377031912
activated,view,org.eclipse.debug.ui,3.6.0.v20100601-1530,"org.eclipse.debug.ui.DebugView",1287377035610
executed,command,org.eclipse.debug.ui,3.6.0.v20100601-1530,"org.eclipse.debug.ui.commands.StepInto",1287377035689
executed,command,org.eclipse.debug.ui,3.6.0.v20100601-1530,"org.eclipse.debug.ui.commands.StepInto",1287377037553
executed,command,org.eclipse.debug.ui,3.6.0.v20100601-1530,"org.eclipse.debug.ui.commands.StepInto",1287377041497
executed,command,org.eclipse.debug.ui,3.6.0.v20100601-1530,"org.eclipse.debug.ui.commands.StepInto",1287377043021
executed,command,org.eclipse.debug.ui,3.6.0.v20100601-1530,"org.eclipse.debug.ui.commands.StepInto",1287377044296
executed,command,org.eclipse.debug.ui,3.6.0.v20100601-1530,"org.eclipse.debug.ui.commands.StepInto",1287377045396
executed,command,org.eclipse.debug.ui,3.6.0.v20100601-1530,"org.eclipse.debug.ui.commands.StepInto",1287377048947
executed,command,org.eclipse.debug.ui,3.6.0.v20100601-1530,"org.eclipse.debug.ui.commands.StepOver",1287377056844
executed,command,org.eclipse.debug.ui,3.6.0.v20100601-1530,"org.eclipse.debug.ui.commands.StepOver",1287377058309
executed,command,org.eclipse.debug.ui,3.6.0.v20100601-1530,"org.eclipse.debug.ui.commands.StepOver",1287377060889
executed,command,org.eclipse.debug.ui,3.6.0.v20100601-1530,"org.eclipse.debug.ui.commands.StepOver",1287377062068
executed,command,org.eclipse.debug.ui,3.6.0.v20100601-1530,"org.eclipse.debug.ui.commands.StepOver",1287377063230
executed,command,org.eclipse.debug.ui,3.6.0.v20100601-1530,"org.eclipse.debug.ui.commands.StepOver",1287377064375
executed,command,org.eclipse.debug.ui,3.6.0.v20100601-1530,"org.eclipse.debug.ui.commands.StepOver",1287377066135
executed,command,org.eclipse.debug.ui,3.6.0.v20100601-1530,"org.eclipse.debug.ui.commands.StepOver",1287377068279
executed,command,org.eclipse.debug.ui,3.6.0.v20100601-1530,"org.eclipse.debug.ui.commands.StepOver",1287377071001
executed,command,org.eclipse.debug.ui,3.6.0.v20100601-1530,"org.eclipse.debug.ui.commands.StepOver",1287377074703
started,bundle,org.eclipse.mylyn.ide.ui,3.4.0.v20100608-0100-e3x,"org.eclipse.mylyn.ide.ui",1287377080594
executed,command,org.eclipse.debug.ui,3.6.0.v20100601-1530,"org.eclipse.debug.ui.commands.StepOver",1287377083686
executed,command,org.eclipse.debug.ui,3.6.0.v20100601-1530,"org.eclipse.debug.ui.commands.StepOver",1287377089681
executed,command,org.eclipse.debug.ui,3.6.0.v20100601-1530,"org.eclipse.debug.ui.commands.StepOver",1287377095411
executed,command,org.eclipse.debug.ui,3.6.0.v20100601-1530,"org.eclipse.debug.ui.commands.StepOver",1287377101370
activated,view,org.eclipse.debug.ui,3.6.0.v20100601-1530,"org.eclipse.debug.ui.VariableView",1287377142833
activated,perspective,org.eclipse.jdt.ui,3.6.0.v20100602-1600,"org.eclipse.jdt.ui.JavaPerspective",1287377177731
activated,editor,org.eclipse.jdt.ui,3.6.0.v20100602-1600,"org.eclipse.jdt.ui.CompilationUnitEditor",1287377177815
executed,command,,,"AUTOGEN:::org.eclipse.jdt.debug.CompilationUnitEditor.BreakpointRulerActions/org.eclipse.jdt.debug.ui.actions.ManageBreakpointRulerAction",1287377196110
activated,perspective,org.eclipse.debug.ui,3.6.0.v20100601-1530,"org.eclipse.debug.ui.DebugPerspective",1287377199666
activated,view,org.eclipse.debug.ui,3.6.0.v20100601-1530,"org.eclipse.debug.ui.DebugView",1287377201404
executed,command,org.eclipse.debug.ui,3.6.0.v20100601-1530,"org.eclipse.debug.ui.commands.Resume",1287377201491
opened,editor,org.eclipse.jdt.ui,3.6.0.v20100602-1600,"org.eclipse.jdt.ui.CompilationUnitEditor",1287377242998
activated,editor,org.eclipse.jdt.ui,3.6.0.v20100602-1600,"org.eclipse.jdt.ui.CompilationUnitEditor",1287377255463
executed,command,,,"AUTOGEN:::org.eclipse.jdt.debug.CompilationUnitEditor.BreakpointRulerActions/org.eclipse.jdt.debug.ui.actions.ManageBreakpointRulerAction",1287377255575
executed,command,,,"AUTOGEN:::org.eclipse.jdt.debug.CompilationUnitEditor.BreakpointRulerActions/org.eclipse.jdt.debug.ui.actions.ManageBreakpointRulerAction",1287377257047
activated,view,org.eclipse.debug.ui,3.6.0.v20100601-1530,"org.eclipse.debug.ui.DebugView",1287377258870
executed,command,org.eclipse.debug.ui,3.6.0.v20100601-1530,"org.eclipse.debug.ui.commands.Resume",1287377258956
executed,command,org.eclipse.debug.ui,3.6.0.v20100601-1530,"org.eclipse.debug.ui.commands.StepOver",1287377266542
executed,command,org.eclipse.debug.ui,3.6.0.v20100601-1530,"org.eclipse.debug.ui.commands.StepOver",1287377271875
executed,command,org.eclipse.debug.ui,3.6.0.v20100601-1530,"org.eclipse.debug.ui.commands.StepOver",1287377274517
executed,command,org.eclipse.debug.ui,3.6.0.v20100601-1530,"org.eclipse.debug.ui.commands.StepInto",1287377284112
executed,command,org.eclipse.debug.ui,3.6.0.v20100601-1530,"org.eclipse.debug.ui.commands.StepInto",1287377294102
activated,editor,org.eclipse.jdt.ui,3.6.0.v20100602-1600,"org.eclipse.jdt.ui.CompilationUnitEditor",1287377302109
executed,command,org.eclipse.ui,3.6.0.I20100603-1100,"org.eclipse.ui.file.save",1287377326038
executed,command,org.eclipse.ui.workbench.texteditor,3.6.0.v20100520-0800,"org.eclipse.ui.edit.text.goto.lineEnd",1287377343511
executed,command,org.eclipse.ui,3.6.0.I20100603-1100,"org.eclipse.ui.file.save",1287377348652
activated,view,org.eclipse.debug.ui,3.6.0.v20100601-1530,"org.eclipse.debug.ui.DebugView",1287377363162
deactivated,workbench,org.eclipse.ui.workbench,3.6.0.I20100603-1100,"",1287377367198
activated,workbench,org.eclipse.ui.workbench,3.6.0.I20100603-1100,"",1287377372793
executed,command,org.eclipse.debug.ui,3.6.0.v20100601-1530,"org.eclipse.debug.ui.commands.StepOver",1287377399437
executed,command,org.eclipse.debug.ui,3.6.0.v20100601-1530,"org.eclipse.debug.ui.commands.StepOver",1287377401085
executed,command,org.eclipse.debug.ui,3.6.0.v20100601-1530,"org.eclipse.debug.ui.commands.StepOver",1287377402083
executed,command,org.eclipse.debug.ui,3.6.0.v20100601-1530,"org.eclipse.debug.ui.commands.StepOver",1287377403493
executed,command,org.eclipse.debug.ui,3.6.0.v20100601-1530,"org.eclipse.debug.ui.commands.StepOver",1287377404698
executed,command,org.eclipse.debug.ui,3.6.0.v20100601-1530,"org.eclipse.debug.ui.commands.StepOver",1287377416608
activated,editor,org.eclipse.jdt.ui,3.6.0.v20100602-1600,"org.eclipse.jdt.ui.CompilationUnitEditor",1287377445458
activated,view,org.eclipse.debug.ui,3.6.0.v20100601-1530,"org.eclipse.debug.ui.DebugView",1287377454370
executed,command,org.eclipse.debug.ui,3.6.0.v20100601-1530,"org.eclipse.debug.ui.commands.StepOver",1287377454466
executed,command,org.eclipse.debug.ui,3.6.0.v20100601-1530,"org.eclipse.debug.ui.commands.StepOver",1287377460179
executed,command,org.eclipse.debug.ui,3.6.0.v20100601-1530,"org.eclipse.debug.ui.commands.StepOver",1287377470150
executed,command,org.eclipse.debug.ui,3.6.0.v20100601-1530,"org.eclipse.debug.ui.commands.StepOver",1287377478076
executed,command,org.eclipse.debug.ui,3.6.0.v20100601-1530,"org.eclipse.debug.ui.commands.StepOver",1287377478947
executed,command,org.eclipse.debug.ui,3.6.0.v20100601-1530,"org.eclipse.debug.ui.commands.StepOver",1287377481054
opened,editor,org.eclipse.jdt.ui,3.6.0.v20100602-1600,"org.eclipse.jdt.ui.ClassFileEditor",1287377481477
closed,editor,org.eclipse.jdt.ui,3.6.0.v20100602-1600,"org.eclipse.jdt.ui.CompilationUnitEditor",1287377481587
deactivated,workbench,org.eclipse.ui.workbench,3.6.0.I20100603-1100,"",1287377494635
activated,workbench,org.eclipse.ui.workbench,3.6.0.I20100603-1100,"",1287377504223
executed,command,org.eclipse.debug.ui,3.6.0.v20100601-1530,"org.eclipse.debug.ui.commands.Resume",1287377507625
deactivated,workbench,org.eclipse.ui.workbench,3.6.0.I20100603-1100,"",1287377511471
activated,workbench,org.eclipse.ui.workbench,3.6.0.I20100603-1100,"",1287377833212
deactivated,workbench,org.eclipse.ui.workbench,3.6.0.I20100603-1100,"",1287377837466
activated,workbench,org.eclipse.ui.workbench,3.6.0.I20100603-1100,"",1287377842963
deactivated,workbench,org.eclipse.ui.workbench,3.6.0.I20100603-1100,"",1287377845843
activated,workbench,org.eclipse.ui.workbench,3.6.0.I20100603-1100,"",1287377848208
deactivated,workbench,org.eclipse.ui.workbench,3.6.0.I20100603-1100,"",1287377849894
activated,workbench,org.eclipse.ui.workbench,3.6.0.I20100603-1100,"",1287377852472
deactivated,workbench,org.eclipse.ui.workbench,3.6.0.I20100603-1100,"",1287377855827
activated,workbench,org.eclipse.ui.workbench,3.6.0.I20100603-1100,"",1287378007114
opened,editor,org.eclipse.jdt.ui,3.6.0.v20100602-1600,"org.eclipse.jdt.ui.CompilationUnitEditor",1287378007323
closed,editor,org.eclipse.jdt.ui,3.6.0.v20100602-1600,"org.eclipse.jdt.ui.ClassFileEditor",1287378007401
activated,editor,org.eclipse.jdt.ui,3.6.0.v20100602-1600,"org.eclipse.jdt.ui.CompilationUnitEditor",1287378026843
executed,command,,,"AUTOGEN:::org.eclipse.jdt.debug.CompilationUnitEditor.BreakpointRulerActions/org.eclipse.jdt.debug.ui.actions.ManageBreakpointRulerAction",1287378026906
executed,command,,,"AUTOGEN:::org.eclipse.jdt.debug.CompilationUnitEditor.BreakpointRulerActions/org.eclipse.jdt.debug.ui.actions.ManageBreakpointRulerAction",1287378027920
activated,view,org.eclipse.debug.ui,3.6.0.v20100601-1530,"org.eclipse.debug.ui.DebugView",1287378029891
executed,command,org.eclipse.debug.ui,3.6.0.v20100601-1530,"org.eclipse.debug.ui.commands.Resume",1287378029977
activated,editor,org.eclipse.jdt.ui,3.6.0.v20100602-1600,"org.eclipse.jdt.ui.CompilationUnitEditor",1287378032777
executed,command,,,"AUTOGEN:::org.eclipse.jdt.internal.ui.CompilationUnitEditor.ruler.actions/org.eclipse.jdt.internal.ui.javaeditor.JavaSelectRulerAction",1287378033283
executed,command,,,"AUTOGEN:::org.eclipse.jdt.debug.CompilationUnitEditor.BreakpointRulerActions/org.eclipse.jdt.debug.ui.actions.ManageBreakpointRulerAction",1287378033563
activated,view,org.eclipse.debug.ui,3.6.0.v20100601-1530,"org.eclipse.debug.ui.DebugView",1287378035661
executed,command,org.eclipse.debug.ui,3.6.0.v20100601-1530,"org.eclipse.debug.ui.commands.Resume",1287378035747
deactivated,workbench,org.eclipse.ui.workbench,3.6.0.I20100603-1100,"",1287378041136
activated,workbench,org.eclipse.ui.workbench,3.6.0.I20100603-1100,"",1287378125167
deactivated,workbench,org.eclipse.ui.workbench,3.6.0.I20100603-1100,"",1287378125210
activated,workbench,org.eclipse.ui.workbench,3.6.0.I20100603-1100,"",1287378125252
activated,perspective,org.eclipse.jdt.ui,3.6.0.v20100602-1600,"org.eclipse.jdt.ui.JavaPerspective",1287378130117
activated,editor,org.eclipse.jdt.ui,3.6.0.v20100602-1600,"org.eclipse.jdt.ui.CompilationUnitEditor",1287378130138
activated,editor,org.eclipse.jdt.ui,3.6.0.v20100602-1600,"org.eclipse.jdt.ui.CompilationUnitEditor",1287378138665
activated,editor,org.eclipse.jdt.ui,3.6.0.v20100602-1600,"org.eclipse.jdt.ui.CompilationUnitEditor",1287378250644
activated,editor,org.eclipse.jdt.ui,3.6.0.v20100602-1600,"org.eclipse.jdt.ui.CompilationUnitEditor",1287378252785
closed,editor,org.eclipse.jdt.ui,3.6.0.v20100602-1600,"org.eclipse.jdt.ui.CompilationUnitEditor",1287378252786
opened,editor,org.eclipse.jdt.ui,3.6.0.v20100602-1600,"org.eclipse.jdt.ui.CompilationUnitEditor",1287378253969
activated,editor,org.eclipse.jdt.ui,3.6.0.v20100602-1600,"org.eclipse.jdt.ui.CompilationUnitEditor",1287378254063
activated,editor,org.eclipse.jdt.ui,3.6.0.v20100602-1600,"org.eclipse.jdt.ui.CompilationUnitEditor",1287378256043
opened,editor,org.eclipse.jdt.ui,3.6.0.v20100602-1600,"org.eclipse.jdt.ui.CompilationUnitEditor",1287378272979
activated,editor,org.eclipse.jdt.ui,3.6.0.v20100602-1600,"org.eclipse.jdt.ui.CompilationUnitEditor",1287378273095
activated,editor,org.eclipse.jdt.ui,3.6.0.v20100602-1600,"org.eclipse.jdt.ui.CompilationUnitEditor",1287378274568
closed,editor,org.eclipse.jdt.ui,3.6.0.v20100602-1600,"org.eclipse.jdt.ui.CompilationUnitEditor",1287378274568
activated,editor,org.eclipse.jdt.ui,3.6.0.v20100602-1600,"org.eclipse.jdt.ui.CompilationUnitEditor",1287378275622
opened,editor,org.eclipse.jdt.ui,3.6.0.v20100602-1600,"org.eclipse.jdt.ui.CompilationUnitEditor",1287378310108
activated,editor,org.eclipse.jdt.ui,3.6.0.v20100602-1600,"org.eclipse.jdt.ui.CompilationUnitEditor",1287378310196
activated,editor,org.eclipse.jdt.ui,3.6.0.v20100602-1600,"org.eclipse.jdt.ui.CompilationUnitEditor",1287378313211
closed,editor,org.eclipse.jdt.ui,3.6.0.v20100602-1600,"org.eclipse.jdt.ui.CompilationUnitEditor",1287378313211
activated,editor,org.eclipse.jdt.ui,3.6.0.v20100602-1600,"org.eclipse.jdt.ui.CompilationUnitEditor",1287378315080
executed,command,,,"AUTOGEN:::org.eclipse.jdt.debug.CompilationUnitEditor.BreakpointRulerActions/org.eclipse.jdt.debug.ui.actions.ManageBreakpointRulerAction",1287378331039
executed,command,,,"AUTOGEN:::org.eclipse.jdt.debug.CompilationUnitEditor.BreakpointRulerActions/org.eclipse.jdt.debug.ui.actions.ManageBreakpointRulerAction",1287378332358
executed,command,,,"AUTOGEN:::org.eclipse.jdt.debug.CompilationUnitEditor.BreakpointRulerActions/org.eclipse.jdt.debug.ui.actions.ManageBreakpointRulerAction",1287378333725
executed,command,org.eclipse.ui,3.6.0.I20100603-1100,"org.eclipse.ui.edit.copy",1287378447564
executed,command,org.eclipse.ui,3.6.0.I20100603-1100,"org.eclipse.ui.edit.paste",1287378449192
executed,command,org.eclipse.ui.workbench.texteditor,3.6.0.v20100520-0800,"org.eclipse.ui.edit.text.goto.lineEnd",1287378449901
executed,command,org.eclipse.ui,3.6.0.I20100603-1100,"org.eclipse.ui.file.save",1287378451675
executed,command,org.eclipse.ui,3.6.0.I20100603-1100,"org.eclipse.ui.file.save",1287378456429
